{"stats":{"minecraft:custom":{"minecraft:jump":7,"minecraft:time_since_rest":3359,"minecraft:crouch_one_cm":37,"minecraft:leave_game":1,"minecraft:play_time":3359,"minecraft:sprint_one_cm":1303,"minecraft:time_since_death":3359,"minecraft:walk_one_cm":2116,"minecraft:sneak_time":18,"minecraft:total_world_time":3359,"minecraft:fall_one_cm":209,"minecraft:fly_one_cm":1048},"minecraft:mined":{"minecraft:birch_log":1,"minecraft:grass_block":1},"minecraft:picked_up":{"minecraft:dirt":1,"minecraft:birch_log":1},"minecraft:used":{"minecraft:birch_log":1,"minecraft:dirt":1}},"DataVersion":3465}